"time","singleChiller.singleChiller.mov.P","singleChiller.singleChiller.chillerWithHex2_1.chi.P","singleChiller.singleChiller.mov1.P","supplyTemp","returnTemp","storageTankWithPump.mov.P","total_power","total_energy"
0,0,1548233.90474615,0,293.15,288.15,0,1548233.90474615,0
30,63314.46628125548,0.0007517150726637925,64505.48104202364,292.1458928338943,289.8565606233244,64008.27622266516,191828.2242976594,26100931.93565714
60,63372.29465255608,0.0005639551326098255,64304.41996583662,292.8168574722734,291.8372304257665,64066.82386056867,191743.5390429165,31854508.38576578
90,63372.07123977629,0.0005709615717611055,63958.69847622116,292.9241238434589,294.5699279219896,64066.82386098602,191397.594147945,37601625.3836287
120,63369.54342135894,0.0005807708923987942,63536.0672725964,292.9567067960082,296.0695509061215,64066.82386098196,190972.4351357082,43337175.8228835
150,63369.520287783,0.0005844441772060347,63534.96275034493,292.9674439287284,295.5062526859219,64066.82386098196,190971.3074835541,49066331.96217243
180,63369.52028778302,0.0005850508612163889,63534.96275034813,292.983456845214,295.0469544672329,64066.82386098196,190971.307484164,54795471.18668821
210,63369.520287783,0.0005846885073390776,63534.96275034537,292.9978572252722,294.674255349133,64066.82386098196,190971.3074837989,60524610.41120765
240,63369.520287783,0.0005840701511644343,63534.9627503454,293.0110404351865,294.3717575529798,64066.82386098196,190971.3074831805,66253749.63571234
270,63369.520287783,0.0005834087547495999,63534.9627503454,293.0231132049479,294.1244665224586,64066.82386098196,190971.3074825191,71982888.86019784
300,63369.520287783,0.0005827663844187785,63534.9627503454,293.0341912646438,293.9193372532138,64066.82386098196,190971.3074818767,77712028.08466378
330,63369.520287783,0.0005821543136213758,63534.9627503454,293.044322060051,293.7522057540903,64066.82386098196,190971.3074812647,83441167.30911089
360,63369.520287783,0.0005815782063130238,63534.9627503454,293.0535763533096,293.6175623821715,64066.82386098196,190971.3074806886,89170306.53354019
390,63369.520287783,0.0005810488583502541,63534.9627503454,293.0620389143459,293.5084284173914,64066.82386098196,190971.3074801592,94899445.7579529
420,63369.520287783,0.0005805603419867228,63534.9627503454,293.069752877323,293.4225904870861,64066.82386098196,190971.3074796707,100628584.9823503
450,63369.520287783,0.0005801131193819918,63534.9627503454,293.0768426982991,293.3516105807147,64066.82386098196,190971.3074792235,106357724.2067338
480,63369.520287783,0.0005797070895676997,63534.9627503454,293.0832872603626,293.2969204061782,64066.82386098196,190971.3074788175,112086863.4311044
510,63369.520287783,0.00057934234556238,63534.9627503454,293.0891144956358,293.2566261903219,64066.82386098196,190971.3074784527,117816002.6554634
540,63369.520287783,0.0005790066575669261,63534.9627503454,293.0944495241651,293.2255890649852,64066.82386098196,190971.307478117,123545141.879812
570,63369.520287783,0.0005787024102119628,63534.9627503454,293.0993022597126,293.2025168882403,64066.82386098196,190971.3074778128,129274281.1041509
600,63369.520287783,0.0005784280025814297,63534.9627503454,293.1037140582926,293.1850676645287,64066.82386098196,190971.3074775384,135003420.3284812
630,63369.520287783,0.0005781799352108666,63534.9627503454,293.1077138367471,293.1735642767014,64066.82386098196,190971.3074772903,140732559.5528036
660,63369.520287783,0.0005779536935702022,63534.9627503454,293.1113196250122,293.1702432254796,64066.82386098196,190971.3074770641,146461698.777119
690,63369.520287783,0.0005777486724046939,63534.9627503454,293.1145913266892,293.1699807756726,64066.82386098196,190971.307476859,152190838.0014278
720,63369.520287783,0.0005775625979398576,63534.9627503454,293.1175709502335,293.170798665394,64066.82386098196,190971.307476673,157919977.2257308
750,63369.520287783,0.000577393197527302,63534.9627503454,293.1203005041005,293.1707186327579,64066.82386098196,190971.3074765036,163649116.4500284
780,63369.520287783,0.0005772381994787959,63534.9627503454,293.1228219967454,293.1677624158778,64066.82386098196,190971.3074763486,169378255.6743212
810,63369.520287783,0.0005770981118539287,63534.9627503454,293.1251023957583,293.1664270659184,64066.82386098196,190971.3074762085,175107394.8986095
840,63369.520287783,0.000576973499534543,63534.9627503454,293.1271071245999,293.1713428776996,64066.82386098196,190971.3074760839,180836534.1228939
870,63369.520287783,0.0005768599439095175,63534.9627503454,293.1289361956108,293.17552640566,64066.82386098196,190971.3074759703,186565673.3471747
900,63369.520287783,0.0005767556444507301,63534.9627503454,293.1306189429471,293.1780930594037,64066.82386098196,190971.307475866,192294812.5714523
930,63369.520287783,0.0005766588010104542,63534.9627503454,293.1321847007649,293.1781582485353,64066.82386098196,190971.3074757692,198023951.7957268
960,63369.520287783,0.0005765676137674499,63534.9627503454,293.1336628032204,293.1748373826589,64066.82386098196,190971.307475678,203753091.0199985
990,63369.520287783,0.0005764852863378977,63534.9627503454,293.1349969288661,293.1721729613443,64066.82386098196,190971.3074755956,209482230.2442676
1020,63369.520287783,0.0005764133567749655,63534.9627503454,293.1361592656759,293.1725675624332,64066.82386098196,190971.3074755237,215211369.4685344
1050,63369.520287783,0.0005763471086527003,63534.9627503454,293.1372290846733,293.1722641222072,64066.82386098196,190971.3074754575,220940508.6927991
1080,63369.520287783,0.0005762854705761248,63534.9627503454,293.1382232572626,293.1710949338778,64066.82386098196,190971.3074753958,226669647.9170619
1110,63369.520287783,0.0005762273712718372,63534.9627503454,293.1391586548485,293.1688922906568,64066.82386098196,190971.3074753377,232398787.1413229
1140,63369.520287783,0.0005761717395721176,63534.9627503454,293.1400521488355,293.1654884857559,64066.82386098196,190971.3074752821,238127926.3655822
1170,63369.520287783,0.0005761216777139416,63534.9627503454,293.140856405159,293.1624867397343,64066.82386098196,190971.3074752321,243857065.5898399
1200,63369.520287783,0.0005760777506343849,63534.9627503454,293.141563123281,293.1604136430618,64066.82386098196,190971.3074751881,249586204.8140962
1230,63369.520287783,0.0005760370724388959,63534.9627503454,293.1422170944987,293.1583313972114,64066.82386098196,190971.3074751474,255315344.0383513
1260,63369.520287783,0.0005759991035817012,63534.9627503454,293.1428270133662,293.1562978308271,64066.82386098196,190971.3074751095,261044483.2626051
1290,63369.520287783,0.0005759633045561725,63534.9627503454,293.1434015744375,293.1543707725527,64066.82386098196,190971.3074750737,266773622.4868579
1320,63369.520287783,0.0005759291358899416,63534.9627503454,293.1439494722666,293.1526080510321,64066.82386098196,190971.3074750395,272502761.7111096
1350,63369.520287783,0.0005758984356278932,63534.9627503454,293.1444417924974,293.1509525196115,64066.82386098196,190971.3074750088,278231900.9353603
1380,63369.520287783,0.000575871072555942,63534.9627503454,293.1448807712065,293.1494422625341,64066.82386098196,190971.3074749814,283961040.1596102
1410,63369.520287783,0.0005758457559911812,63534.9627503454,293.1452869864492,293.1481714378434,64066.82386098196,190971.3074749561,289690179.3838592
1440,63369.520287783,0.0005758222148898501,63534.9627503454,293.145664887264,293.1471848950937,64066.82386098196,190971.3074749326,295419318.6081076
1470,63369.520287783,0.0005758001782214077,63534.9627503454,293.1460189226897,293.1465274838399,64066.82386098196,190971.3074749105,301148457.8323552
1500,63369.520287783,0.0005757793749669016,63534.9627503454,293.1463535417647,293.1462440536363,64066.82386098196,190971.3074748897,306877597.0566022
1530,63369.520287783,0.0005757616626376239,63534.9627503454,293.1466377505649,293.1455872412248,64066.82386098196,190971.307474872,312606736.2808486
1560,63369.520287783,0.0005757464146383035,63534.9627503454,293.1468819186583,293.1447342304501,64066.82386098196,190971.3074748568,318335875.5050945
1590,63369.520287783,0.0005757326983146566,63534.9627503454,293.1471015123695,293.1439761266673,64066.82386098196,190971.3074748431,324065014.72934
1620,63369.520287783,0.000575720303216102,63534.9627503454,293.1472999724797,293.1433352430976,64066.82386098196,190971.3074748307,329794153.9535851
1650,63369.520287783,0.0005757090188979851,63534.9627503454,293.1474807397702,293.1428338929624,64066.82386098196,190971.3074748194,335523293.1778299
1680,63369.520287783,0.0005756986349206351,63534.9627503454,293.1476472550221,293.1424943894831,64066.82386098196,190971.307474809,341252432.4020743
1710,63369.520287783,0.0005756889408486237,63534.9627503454,293.1478029590166,293.1423390458812,64066.82386098196,190971.3074747993,346981571.6263185
1740,63369.520287783,0.0005756797262501354,63534.9627503454,293.1479512925349,293.1423901753778,64066.82386098196,190971.3074747901,352710710.8505623
1770,63369.520287783,0.0005756707806965319,63534.9627503454,293.1480956963581,293.1426700911946,64066.82386098196,190971.3074747811,358439850.0748059
1800,63369.520287783,0.0005756618937621047,63534.9627503454,293.1482396112676,293.1432011065527,64066.82386098196,190971.3074747723,364168989.2990491
1830,63369.520287783,0.0005756537159270295,63534.9627503454,293.1483723293456,293.143860864796,64066.82386098196,190971.3074747641,369898128.5232922
1860,63369.520287783,0.0005756505542551431,63534.9627503454,293.1484230475253,293.1439125387728,64066.82386098196,190971.3074747609,375627267.747535
1890,63369.520287783,0.0005756484681524437,63534.9627503454,293.1484565106761,293.1440052735509,64066.82386098196,190971.3074747588,381356406.9717779
1920,63369.520287783,0.0005756473879498413,63534.9627503454,293.1484738462952,293.1441377291165,64066.82386098196,190971.3074747577,387085546.1960206
1950,63369.520287783,0.0005756472439794971,63534.9627503454,293.14847618188,293.144308565456,64066.82386098196,190971.3074747576,392814685.4202634
1980,63369.520287783,0.0005756479665745808,63534.9627503454,293.1484646449279,293.1445164425556,64066.82386098196,190971.3074747583,398543824.6445061
2010,63369.520287783,0.000575649486069029,63534.9627503454,293.148440362936,293.1447600204017,64066.82386098196,190971.3074747598,404272963.8687488
2040,63369.520287783,0.0005756517327973628,63534.9627503454,293.1484044634017,293.1450379589805,64066.82386098196,190971.3074747621,410002103.0929917
2070,63369.520287783,0.000575654637094469,63534.9627503454,293.1483580738223,293.1453489182784,64066.82386098196,190971.307474765,415731242.3172346
2100,63369.520287783,0.0005756581292954279,63534.9627503454,293.1483023216952,293.1456915582816,64066.82386098196,190971.3074747685,421460381.5414776
2130,63369.520287783,0.0005756621397353818,63534.9627503454,293.1482383345174,293.1460645389764,64066.82386098196,190971.3074747725,427189520.7657207
2160,63369.520287783,0.0005756638133969592,63534.9627503454,293.1482117349373,293.146405195684,64066.82386098196,190971.3074747742,432918659.9899639
2190,63369.520287783,0.0005756630779551174,63534.9627503454,293.148223692846,293.1467121299621,64066.82386098196,190971.3074747734,438647799.2142071
2220,63369.520287783,0.0005756612821271498,63534.9627503454,293.1482526774803,293.1470152301492,64066.82386098196,190971.3074747717,444376938.4384503
2250,63369.520287783,0.000575658243626047,63534.9627503454,293.1483016154458,293.1473106766416,64066.82386098196,190971.3074747686,450106077.6626934
2280,63369.520287783,0.0005756537801671308,63534.9627503454,293.1483734333485,293.1475946498359,64066.82386098196,190971.3074747642,455835216.8869364
2310,63369.520287783,0.0005756477094689167,63534.9627503454,293.1484710577942,293.1478633301282,64066.82386098196,190971.3074747581,461564356.1111792
2340,63369.520287783,0.0005756398492541055,63534.9627503454,293.1485974153887,293.1481128979151,64066.82386098196,190971.3074747502,467293495.3354218
2370,63369.520287783,0.0005756300172507391,63534.9627503454,293.1487554327377,293.1483395335928,64066.82386098196,190971.3074747404,473022634.5596641
2400,63369.520287783,0.000575618031193373,63534.9627503454,293.1489480364472,293.1485394175579,64066.82386098196,190971.3074747284,478751773.7839062
2430,63369.520287783,0.0005756037088244959,63534.9627503454,293.1491781531229,293.1487087302066,64066.82386098196,190971.3074747141,484480913.0081478
2460,63369.52028778298,0.000575587632387527,63534.9627503454,293.1494364313921,293.1488486885348,64066.82386098196,190971.307474698,490210052.232389
2490,63369.52028778298,0.0005755819711911676,63534.9627503454,293.1495274270227,293.1490368474478,64066.82386098196,190971.3074746923,495939191.4566298
2520,63369.52028778298,0.0005755771546785839,63534.9627503454,293.14960484454,293.149207536118,64066.82386098196,190971.3074746875,501668330.6808705
2550,63369.52028778298,0.0005755733215857283,63534.9627503454,293.1496664547781,293.1493590499117,64066.82386098196,190971.3074746837,507397469.9051111
2580,63369.520287783,0.0005755706106487382,63534.9627503454,293.1497100285715,293.1494896841953,64066.82386098196,190971.307474681,513126609.1293516
2610,63369.520287783,0.0005755691606044702,63534.9627503454,293.1497333367545,293.1495977343353,64066.82386098196,190971.3074746795,518855748.353592
2640,63369.520287783,0.0005755691101910921,63534.9627503454,293.1497341501615,293.149681495698,64066.82386098196,190971.3074746795,524584887.5778323
2670,63369.520287783,0.0005755705981487633,63534.9627503454,293.1497102396268,293.1497392636497,64066.82386098196,190971.307474681,530314026.8020728
2700,63369.520287783,0.0005755737632203515,63534.9627503454,293.1496593759846,293.1497693335568,64066.82386098196,190971.3074746841,536043166.0263132
2730,63369.520287783,0.0005755787441522548,63534.9627503454,293.1495793300694,293.1497700007858,64066.82386098196,190971.3074746891,541772305.2505538
2760,63369.520287783,0.0005755856796952772,63534.9627503454,293.1494678727155,293.1497395607031,64066.82386098196,190971.307474696,547501444.4747946
2790,63369.520287783,0.0005755900360585638,63534.9627503454,293.1493978613809,293.1497279546618,64066.82386098196,190971.3074747004,553230583.6990355
2820,63369.520287783,0.000575590285213134,63534.9627503454,293.1493938512841,293.1497519008296,64066.82386098196,190971.3074747006,558959722.9232765
2850,63369.520287783,0.0005755901579161488,63534.9627503454,293.1493958903862,293.1497699916991,64066.82386098196,190971.3074747005,564688862.1475176
2880,63369.520287783,0.0005755895651762648,63534.9627503454,293.149405409129,293.1497830397833,64066.82386098196,190971.3074746999,570418001.3717586
2910,63369.520287783,0.0005755884180024187,63534.9627503454,293.1494238379544,293.1497918575951,64066.82386098196,190971.3074746988,576147140.5959996
2940,63369.520287783,0.0005755866274039867,63534.9627503454,293.1494526073042,293.1497972576476,64066.82386098196,190971.307474697,581876279.8202405
2970,63369.520287783,0.0005755841043909981,63534.9627503454,293.1494931476203,293.1498000524538,64066.82386098196,190971.3074746945,587605419.0444814
3000,63369.520287783,0.0005755807599743392,63534.9627503454,293.1495468893446,293.1498010545267,64066.82386098196,190971.3074746911,593334558.2687222
3030,63369.520287783,0.000575576505166002,63534.9627503454,293.149615262919,293.1498010763793,64066.82386098196,190971.3074746869,599063697.4929628
3060,63369.520287783,0.0005755712509793834,63534.9627503454,293.1496996987852,293.1498009305247,64066.82386098196,190971.3074746816,604792836.7172034
3090,63369.520287783,0.0005755649084295699,63534.9627503454,293.1498016273853,293.149801429476,64066.82386098196,190971.3074746753,610521975.9414437
3120,63369.520287783,0.0005755625032069351,63534.9627503454,293.1498402766722,293.1497958376145,64066.82386098196,190971.3074746729,616251115.1656839
3150,63369.520287783,0.000575560427974178,63534.9627503454,293.1498736233741,293.1497901597389,64066.82386098196,190971.3074746708,621980254.389924
3180,63369.520287783,0.0005755585621724546,63534.9627503454,293.1499036052859,293.1497852549494,64066.82386098196,190971.3074746689,627709393.6141641
3210,63369.520287783,0.0005755569418440961,63534.9627503454,293.1499296433283,293.1497817512374,64066.82386098196,190971.3074746673,633438532.8384042
3240,63369.520287783,0.0005755556030314046,63534.9627503454,293.1499511584224,293.1497802765944,64066.82386098196,190971.307474666,639167672.0626441
3270,63369.520287783,0.00057555458177669,63534.9627503454,293.1499675714888,293.1497814590119,64066.82386098196,190971.3074746649,644896811.2868841
3300,63369.520287783,0.0005755539141223218,63534.9627503454,293.1499783034485,293.1497859264813,64066.82386098196,190971.3074746643,650625950.511124
3330,63369.520287783,0.0005755536361107435,63534.9627503454,293.1499827752223,293.1497943069942,64066.82386098196,190971.307474664,656355089.735364
3360,63369.520287783,0.0005755537837845537,63534.9627503454,293.149980407731,293.1498072285421,64066.82386098196,190971.3074746642,662084228.9596039
3390,63369.520287783,0.0005755543931865458,63534.9627503454,293.1499706218955,293.1498253191165,64066.82386098196,190971.3074746648,667813368.1838439
3420,63369.520287783,0.0005755548088901972,63534.9627503454,293.1499639476338,293.1498402444636,64066.82386098196,190971.3074746652,673542507.4080838
3450,63369.520287783,0.0005755544595652658,63534.9627503454,293.1499695637868,293.1498447603186,64066.82386098196,190971.3074746648,679271646.6323237
3480,63369.520287783,0.0005755541758464981,63534.9627503454,293.1499741255333,293.1498497935065,64066.82386098196,190971.3074746646,685000785.8565637
3510,63369.520287783,0.0005755539516365899,63534.9627503454,293.1499777308065,293.1498554258353,64066.82386098196,190971.3074746643,690729925.0808036
3540,63369.520287783,0.0005755537808382421,63534.9627503454,293.1499804775393,293.149861739113,64066.82386098196,190971.3074746642,696459064.3050436
3570,63369.520287783,0.0005755536573541637,63534.9627503454,293.1499824636647,293.1498688151481,64066.82386098196,190971.307474664,702188203.5292835
3600,63369.520287783,0.0005755535750870621,63534.9627503454,293.149983787116,293.1498767357484,64066.82386098196,190971.3074746639,707917342.7535235
3630,63369.50524637298,12979.13593628078,63534.32731511472,293.1500140935019,295.0584984115052,1.354646344397529e-05,139882.9685113149,712880156.8933132
3660,63369.45082267383,19027.76699259206,63532.0672688053,293.1500205000794,297.1540243188581,1.300889735943301e-36,145929.2850840712,717167340.6972439
3690,63369.25309601461,29421.75703478738,63524.33543784702,293.1500318907864,297.9322398420807,-8.784831164981057e-46,156315.345568649,721701010.1570348
3720,63367.00682968063,60421.38080550887,63467.98756964973,293.150073095315,298.122592198826,-8.390407917703379e-62,187256.3752048392,726854585.9686371
3750,63366.98970562589,61000.61640684642,63467.62333497009,293.1500741369258,298.1267604655744,-6.250240548098999e-95,187835.2294474424,732480960.0384214
3780,63366.98970562565,61240.03374652284,63467.62333495955,293.1500745292497,298.1302431561983,-3.068697662663113e-103,188074.646787108,738119608.1819396
3810,63366.98970562564,61339.7931389879,63467.62333495947,293.1500746928999,298.1331204810982,-1.0512587331946e-111,188174.406179573,743763343.9764398
3840,63366.98970562564,61372.09773889225,63467.62333495947,293.1500747460104,298.1354825794652,2.832035003873439e-113,188206.7107794773,749409060.7308255
3870,63366.98970562564,61377.99548792932,63467.62333495947,293.1500747557841,298.1374152481298,1.627358345235778e-120,188212.6085285144,755055350.5204455
3900,63366.98970562564,61376.18323892382,63467.62333495947,293.150074752893,298.1389941881979,-2.37626671367378e-123,188210.7962795089,760701701.5925658
3930,63366.98970562564,61373.71995585064,63467.62333495947,293.1500747489247,298.1402092140267,-3.233037782326188e-130,188208.3329964358,766347988.5317049
3960,63366.98970562564,61372.55618641156,63467.62333495947,293.1500747470785,298.1410506581619,-3.342268735571528e-131,188207.1692269967,771994221.0650564
3990,63366.98970562564,61371.50441640718,63467.62333495947,293.1500747454143,298.1418485011851,-4.421317726090066e-140,188206.1174569923,777640420.3653163
4020,63366.98970562564,61371.30113290418,63467.62333495947,293.1500747451292,298.1423159927618,-1.810072584373186e-140,188205.9141734893,783286600.8397735
4050,63366.98970562564,61371.09784980022,63467.62333495947,293.1500747448442,298.1427834843386,-5.045973933237512e-141,188205.7108903853,788932775.2157316
4080,63366.98970562564,61370.89456709329,63467.62333495947,293.1500747445591,298.1432509759154,-5.212346512223462e-142,188205.5076076784,794578943.4932026
4110,63366.98970562562,61370.71555479718,63467.62333495947,293.1500747443118,298.1436840119906,-7.238925155994371e-151,188205.3285953823,800225106.0362484
4140,63366.98970562564,61370.71965015359,63467.62333495947,293.1500747443494,298.1438570951585,-4.946479053632302e-151,188205.3326907387,805871265.9555403
4170,63366.98970562564,61370.7237455065,63467.62333495947,293.150074744387,298.1440301783265,-3.19765905141767e-151,188205.3367860916,811517425.9976927
4200,63366.98970562564,61370.72784085705,63467.62333495947,293.1500747444246,298.1442032614945,-1.918890748017367e-151,188205.3408814422,817163586.1627057
4230,63366.98970562564,61370.73193620381,63467.62333495947,293.1500747444622,298.1443763446624,-1.036599742098281e-151,188205.3449767889,822809746.4505792
4260,63366.98970562564,61370.73603154632,63467.62333495947,293.1500747444998,298.1445494278303,-4.772116323273018e-152,188205.3490721314,828455906.861313
4290,63366.98970562564,61370.74012688678,63467.62333495947,293.1500747445373,298.1447225109983,-1.671520173713201e-152,188205.3531674719,834102067.394907
4320,63366.98970562564,61370.74422222198,63467.62333495947,293.150074744575,298.1448955941663,-3.28464958972259e-153,188205.3572628071,839748228.0513612
4350,63366.98970562564,61370.74831755449,63467.62333495947,293.1500747446125,298.1450686773342,-7.206665719092274e-155,188205.3613581396,845394388.8306754
4380,63366.98970562564,61370.75660980374,63467.62333495947,293.1500747446453,298.1451534886013,-1.138170078676048e-162,188205.3696503888,851040549.7958033
4410,63366.98970562564,61370.76756053843,63467.62333495947,293.1500747446751,298.1451823851544,-1.003557917160729e-162,188205.3806011235,856686711.049576
4440,63366.98970562564,61370.7785112747,63467.62333495947,293.1500747447049,298.1452112817075,-8.800013512147164e-163,188205.3915518598,862332872.6318707
4470,63366.98970562564,61370.78946201137,63467.62333495947,293.1500747447346,298.1452401782606,-7.670266557678124e-163,188205.4025025965,867979034.5426875
4500,63366.98970562564,61370.80041274808,63467.62333495947,293.1500747447644,298.1452690748137,-6.641601057498192e-163,188205.4134533332,873625196.7820265
4530,63366.98970562564,61370.81136348558,63467.62333495947,293.1500747447942,298.1452979713667,-5.709279760905401e-163,188205.4244040707,879271359.3498876
4560,63366.98970562564,61370.82231422466,63467.62333495947,293.1500747448239,298.1453268679198,-4.868565417197763e-163,188205.4353548098,884917522.2462708
4590,63366.98970562564,61370.83326496372,63467.62333495947,293.1500747448537,298.145355764473,-4.114720775673312e-163,188205.4463055488,890563685.4711761
4620,63366.98970562564,61370.84421570441,63467.62333495947,293.1500747448835,298.1453846610261,-3.443008585630064e-163,188205.4572562895,896209849.0246037
4650,63366.98970562564,61370.85516644584,63467.62333495947,293.1500747449132,298.1454135575792,-2.84869159636605e-163,188205.468207031,901856012.9065535
4680,63366.98970562564,61370.86611718847,63467.62333495947,293.150074744943,298.1454424541323,-2.32703255717929e-163,188205.4791577736,907502177.1170256
4710,63366.98970562564,61370.87706793074,63467.62333495947,293.1500747449727,298.1454713506853,-1.873294217367811e-163,188205.4901085158,913148341.6560199
4740,63366.98970562564,61370.8880186742,63467.62333495947,293.1500747450025,298.1455002472384,-1.482739326229633e-163,188205.5010592593,918794506.5235366
4770,63366.98970562564,61370.89896941843,63467.62333495947,293.1500747450322,298.1455291437915,-1.150630633062784e-163,188205.5120100036,924440671.7195755
4800,63366.98970562564,61370.90992016348,63467.62333495947,293.150074745062,298.1455580403446,-8.722308871652862e-164,188205.5229607486,930086837.2441368
4830,63366.98970562564,61370.92087090969,63467.62333495947,293.1500747450917,298.1455869368977,-6.428028378351641e-164,188205.5339114948,935733003.0972204
4860,63366.98970562564,61370.93182165631,63467.62333495947,293.1500747451215,298.1456158334508,-4.576092343704418e-164,188205.5448622414,941379169.2788265
4890,63366.98970562564,61370.94277240375,63467.62333495947,293.1500747451513,298.1456447300039,-3.119128260691436e-164,188205.5558129888,947025335.788955
4920,63366.98970562564,61370.95372315196,63467.62333495947,293.150074745181,298.145673626557,-2.009763622292934e-164,188205.5667637371,952671502.6276059
4950,63366.98970562564,61370.96467390056,63467.62333495947,293.1500747452108,298.1457025231101,-1.200625921489155e-164,188205.5777144857,958317669.7947793
4980,63366.98970562564,61370.97562465117,63467.62333495947,293.1500747452405,298.1457314196632,-6.443426512603374e-165,188205.5886652363,963963837.2904751
5010,63366.98970562564,61370.98657540137,63467.62333495947,293.1500747452703,298.1457603162163,-2.935413045867245e-165,188205.5996159865,969610005.1146935
5040,63366.98970562564,61370.99752615352,63467.62333495947,293.1500747453001,298.1457892127694,-1.008493744485562e-165,188205.6105667386,975256173.2674344
5070,63366.98970562564,61371.00847690456,63467.62333495947,293.1500747453298,298.1458181093225,-1.889435382607411e-166,188205.6215174897,980902341.7486978
5100,63366.98970562564,61371.01942765831,63467.62333495947,293.1500747453596,298.1458470058756,-3.037356995192023e-168,188205.6324682434,986548510.5584837
5130,63366.98970562564,61371.02410081677,63467.62333495947,293.1500747453723,298.1458575679022,-7.752964994780223e-176,188205.6371414019,992194679.6026284
5160,63366.98970562564,61371.02558913131,63467.62333495947,293.1500747453762,298.1458588281778,-7.541497139172761e-176,188205.6386297164,997840848.7391951
5190,63366.98970562564,61371.02707744618,63467.62333495947,293.15007474538,298.1458600884535,-7.333909969131306e-176,188205.6401180313,1003487017.920411
5220,63366.98970562564,61371.02856575999,63467.62333495947,293.150074745384,298.1458613487292,-7.130167546294397e-176,188205.6416063451,1009133187.146277
5250,63366.98970562564,61371.0300540742,63467.62333495947,293.1500747453879,298.1458626090048,-6.930233932300574e-176,188205.6430946593,1014779356.416792
5280,63366.98970562564,61371.03154238872,63467.62333495947,293.1500747453918,298.1458638692805,-6.73407318878837e-176,188205.6445829738,1020425525.731956
5310,63366.98970562564,61371.0330307022,63467.62333495947,293.1500747453957,298.1458651295562,-6.54164937739633e-176,188205.6460712873,1026071695.09177
5340,63366.98970562564,61371.03451901713,63467.62333495947,293.1500747453996,298.1458663898318,-6.352926559762987e-176,188205.6475596022,1031717864.496234
5370,63366.98970562564,61371.03600733029,63467.62333495947,293.1500747454035,298.1458676501075,-6.167868797526881e-176,188205.6490479154,1037364033.945346
5400,63366.98970562564,61371.03749564492,63467.62333495947,293.1500747454074,298.1458689103832,-5.986440152326551e-176,188205.65053623,1043010203.439109
5430,63366.98970562564,61371.03898395925,63467.62333495947,293.1500747454114,298.1458701706588,-5.808604685800533e-176,188205.6520245444,1048656372.97752
5460,63366.98970562564,61371.04047227348,63467.62333495947,293.1500747454152,298.1458714309345,-5.634326459587368e-176,188205.6535128586,1054302542.560581
5490,63366.98970562564,61371.04196058783,63467.62333495947,293.1500747454191,298.1458726912102,-5.463569535325592e-176,188205.6550011729,1059948712.188292
5520,63366.98970562564,61371.04344890247,63467.62333495947,293.1500747454231,298.1458739514858,-5.296297974653744e-176,188205.6564894876,1065594881.860652
5550,63366.98970562564,61371.04493721647,63467.62333495947,293.150074745427,298.1458752117615,-5.132475839210362e-176,188205.6579778016,1071241051.577661
5580,63366.98970562564,61371.04642553123,63467.62333495947,293.1500747454309,298.1458764720371,-4.972067190633984e-176,188205.6594661163,1076887221.33932
5610,63366.98970562564,61371.04791384556,63467.62333495947,293.1500747454348,298.1458777323128,-4.815036090563149e-176,188205.6609544307,1082533391.145628
5640,63366.98970562564,61371.04940215921,63467.62333495947,293.1500747454387,298.1458789925885,-4.661346600636394e-176,188205.6624427443,1088179560.996586
5670,63366.98970562564,61371.05089047439,63467.62333495947,293.1500747454426,298.1458802528641,-4.510962782492259e-176,188205.6639310595,1093825730.892193
5700,63366.98970562564,61371.05237878802,63467.62333495947,293.1500747454465,298.1458815131398,-4.363848697769279e-176,188205.6654193731,1099471900.832449
5730,63366.98970562564,61371.05386710326,63467.62333495947,293.1500747454504,298.1458827734155,-4.219968408105995e-176,188205.6669076884,1105118070.817355
5760,63366.98970562564,61371.05535541696,63467.62333495947,293.1500747454543,298.1458840336911,-4.079285975140944e-176,188205.6683960021,1110764240.84691
5790,63366.98970562564,61371.05684373139,63467.62333495947,293.1500747454583,298.1458852939668,-3.941765460512665e-176,188205.6698843165,1116410410.921115
5820,63366.98970562564,61371.05833204625,63467.62333495947,293.1500747454622,298.1458865542425,-3.807370925859696e-176,188205.6713726314,1122056581.039969
5850,63366.98970562564,61371.05982036042,63467.62333495947,293.1500747454661,298.1458878145181,-3.676066432820574e-176,188205.6728609455,1127702751.203473
5880,63366.98970562564,61371.0613086745,63467.62333495947,293.15007474547,298.1458890747938,-3.547816043033838e-176,188205.6743492596,1133348921.411626
5910,63366.98970562564,61371.06279698983,63467.62333495947,293.1500747454739,298.1458903350695,-3.422583818138028e-176,188205.6758375749,1138995091.664429
5940,63366.98970562564,61371.06428530365,63467.62333495947,293.1500747454778,298.1458915953451,-3.300333819771678e-176,188205.6773258888,1144641261.961881
5970,63366.98970562564,61371.06577361895,63467.62333495947,293.1500747454817,298.1458928556208,-3.18103010957333e-176,188205.6788142041,1150287432.303982
6000,63366.98970562564,61371.06726193315,63467.62333495947,293.1500747454857,298.1458941158965,-3.06463674918152e-176,188205.6803025182,1155933602.690733
6030,63366.98970562564,61371.06875024847,63467.62333495947,293.1500747454895,298.1458953761721,-2.951117800234789e-176,188205.6817908336,1161579773.122133
6060,63366.98970562564,61371.07023856272,63467.62333495947,293.1500747454934,298.1458966364478,-2.84043732437167e-176,188205.6832791478,1167225943.598183
6090,63366.98970562564,61371.07172687701,63467.62333495947,293.1500747454974,298.1458978967235,-2.732559383230705e-176,188205.6847674621,1172872114.118882
6120,63366.98970562564,61371.07321519199,63467.62333495947,293.1500747455013,298.1458991569991,-2.627448038450434e-176,188205.6862557771,1178518284.684231
6150,63366.98970562564,61371.07470350591,63467.62333495947,293.1500747455052,298.1459004172748,-2.525067351669389e-176,188205.687744091,1184164455.294229
6180,63366.98970562564,61371.076191821,63467.62333495947,293.1500747455091,298.1459016775505,-2.425381384526113e-176,188205.6892324061,1189810625.948876
6210,63366.98970562564,61371.07768013496,63467.62333495947,293.150074745513,298.1459029378261,-2.328354198659144e-176,188205.6907207201,1195456796.648173
6240,63366.98970562564,61371.07916845076,63467.62333495947,293.1500747455169,298.1459041981018,-2.233949855707018e-176,188205.6922090359,1201102967.392119
6270,63366.98970562564,61371.08065676476,63467.62333495947,293.1500747455208,298.1459054583775,-2.142132417308277e-176,188205.6936973499,1206749138.180715
6300,63366.98970562564,61371.08214508058,63467.62333495947,293.1500747455247,298.1459067186531,-2.052865945101452e-176,188205.6951856657,1212395309.01396
6330,63366.98970562564,61371.08363339462,63467.62333495947,293.1500747455286,298.1459079789288,-1.966114500725089e-176,188205.6966739797,1218041479.891855
6360,63366.98970562564,61371.0851217102,63467.62333495947,293.1500747455325,298.1459092392045,-1.881842145817723e-176,188205.6981622953,1223687650.814399
6390,63366.98970562564,61371.08661002531,63467.62333495947,293.1500747455365,298.1459104994801,-1.80001294201789e-176,188205.6996506104,1229333821.781593
6420,63366.98970562564,61371.08809833901,63467.62333495947,293.1500747455403,298.1459117597558,-1.720590950964131e-176,188205.7011389241,1234979992.793436
6450,63366.98970562564,61371.08958665349,63467.62333495947,293.1500747455443,298.1459130200315,-1.643540234294984e-176,188205.7026272386,1240626163.849928
6480,63366.98970562564,61371.09107496864,63467.62333495947,293.1500747455482,298.1459142803071,-1.568824853648986e-176,188205.7041155538,1246272334.95107
6510,63366.98970562564,61371.09256328352,63467.62333495947,293.1500747455521,298.1459155405828,-1.496408870664677e-176,188205.7056038686,1251918506.096861
6540,63366.98970562564,61371.09405159834,63467.62333495947,293.150074745556,298.1459168008585,-1.426256346980592e-176,188205.7070921834,1257564677.287302
6570,63366.98970562564,61371.09553991364,63467.62333495947,293.1500747455599,298.1459180611341,-1.358331344235272e-176,188205.7085804988,1263210848.522393
6600,63366.98970562564,61371.09702822821,63467.62333495947,293.1500747455638,298.1459193214098,-1.292597924067255e-176,188205.7100688133,1268857019.802132
6630,63366.98970562564,61371.09851654385,63467.62333495947,293.1500747455677,298.1459205816855,-1.229020148115078e-176,188205.711557129,1274503191.126521
6660,63366.98970562564,61371.10000485804,63467.62333495947,293.1500747455717,298.1459218419611,-1.167562078017279e-176,188205.7130454431,1280149362.49556
6690,63366.98970562564,61371.10149317265,63467.62333495947,293.1500747455756,298.1459231022368,-1.108187775412398e-176,188205.7145337578,1285795533.909248
6720,63366.98970562564,61371.10298148869,63467.62333495947,293.1500747455794,298.1459243625125,-1.050861301938971e-176,188205.7160220738,1291441705.367585
6750,63366.98970562564,61371.10446980259,63467.62333495947,293.1500747455834,298.1459256227881,-9.955467192355379e-177,188205.7175103877,1297087876.870572
6780,63366.98970562564,61371.10595811797,63467.62333495947,293.1500747455873,298.1459268830638,-9.422080889406357e-177,188205.7189987031,1302734048.418209
6810,63366.98970562564,61371.10744643302,63467.62333495947,293.1500747455912,298.1459281433395,-8.908094726928034e-177,188205.7204870181,1308380220.010494
6840,63366.98970562564,61371.10893474839,63467.62333495947,293.1500747455951,298.1459294036151,-8.413149321305784e-177,188205.7219753335,1314026391.64743
6870,63366.98970562564,61371.11042306347,63467.62333495947,293.150074745599,298.1459306638908,-7.936885288924997e-177,188205.7234636486,1319672563.329015
6900,63366.98970562564,61371.11191137885,63467.62333495947,293.1500747456029,298.1459319241665,-7.47894324617105e-177,188205.724951964,1325318735.055249
6930,63366.98970562564,61371.11339969246,63467.62333495947,293.1500747456068,298.1459331844421,-7.038963809429326e-177,188205.7264402776,1330964906.826132
6960,63366.98970562564,61371.11488800833,63467.62333495947,293.1500747456108,298.1459344447178,-6.616587595085202e-177,188205.7279285934,1336611078.641665
6990,63366.98970562564,61371.11637632303,63467.62333495947,293.1500747456146,298.1459357049935,-6.211455219524071e-177,188205.7294169081,1342257250.501848
7020,63366.98970562564,61371.11786463821,63467.62333495947,293.1500747456186,298.1459369652691,-5.823207299131304e-177,188205.7309052233,1347903422.40668
7050,63366.98970562564,61371.11935295335,63467.62333495947,293.1500747456225,298.1459382255448,-5.451484450292289e-177,188205.7323935385,1353549594.356161
7080,63366.98970562564,61371.12084126886,63467.62333495947,293.1500747456264,298.1459394858205,-5.095927289392403e-177,188205.733881854,1359195766.350292
7110,63366.98970562564,61371.12232958368,63467.62333495947,293.1500747456303,298.1459407460961,-4.756176432817032e-177,188205.7353701688,1364841938.389073
7140,63366.98970562564,61371.12381789927,63467.62333495947,293.1500747456342,298.1459420063718,-4.431872496951556e-177,188205.7368584844,1370488110.472502
7170,63366.98970562564,61371.12530621482,63467.62333495947,293.1500747456381,298.1459432666475,-4.122656098181357e-177,188205.7383467999,1376134282.600582
7200,63366.98970562564,61371.12679453008,63467.62333495947,293.150074745642,298.1459445269231,-3.828167852891817e-177,188205.7398351152,1381780454.77331
